id,name
dc38be71-f530-4bb1-a7b6-7f787b61f1d2,Random Names
6003b671-74e3-4a0f-b7dd-a875cc328a70,Lyndsey Schroeder
278ea50a-0221-473c-97ff-208bd2e797c2,Caitlin Hensley
cd025f60-68b5-4bd9-b092-8267456e84a2,Tyson Escobar
08ccf5cc-f25d-40e8-bbf6-7c50f3f36e9c,Natan Macias
4101dff1-4eb7-4b08-bf28-7f08def4a378,Ayman Page
fc18f622-91f0-440a-8cb1-d5018f4246af,Lennie Mcfadden
bdb2f34f-eb71-41e6-9b88-f7ab7e9b44e2,Donald Amin
a6585afc-a6ac-40fd-bb11-79b7a8198fb4,Penelope Galindo
d6c76c62-2ec9-44a2-a314-fd528db6dd52,Charleigh Dawson
18d66a4e-4a86-4262-a82d-b023834e0e41,Rowena Wilde
4ce1dc88-d8dc-4e16-83d1-b470524737fc,Thalia Short
8b379162-c76e-4e96-b4ec-0d6cc35329b0,Faye Chang
99489535-8732-4c9a-8022-aa04f6ea28d1,Jamelia Carty
ed7b064d-5bc2-469f-9390-3a2b32ccd9e1,Yusha Potts
726736f9-af54-4754-baa6-fd04155693af,Lizzie Brewer
fb08486d-b2a2-43de-89b7-1712b0d6f994,Calum Rigby
b29e742e-1795-4240-83f6-0e7bc9ae887b,Ruairi Logan
e94847d6-40fc-4aa3-8d2b-f7e1034472b6,Nuha Goff
671aac55-27e6-4866-bda3-920cb24541d4,Osama Bautista
c9385eb4-755b-40e1-a723-a826eadca0c9,Faiza Donnelly
c9aac9b2-9d4c-4f3b-a6a7-ad462a973f01,Haleemah Barrett
7201962c-8a2f-4aeb-bc27-c3ac3063f554,Shana Espinoza
150abffa-216f-4460-8389-29d844e3fdb5,Beth Cervantes
98ddfbdd-ac4e-4fd3-9a0a-8da64e28de6f,Susan Livingston
db7b3bd0-9e51-4eed-a945-1306753e1f52,Alyssia Rice
b21ac674-f03e-48e1-b78d-773ed8e05e04,Mohammed Hartman
5fc3dda6-7368-45f4-82b0-49b4b6eae685,Manraj Price
e846009e-c5f1-426b-a0a0-8b10262cb4e9,Terrence Mcculloch
c19289da-5bd0-4af8-89d4-9c07b5492723,Roxy Read
4561ca9e-7409-492d-84ab-dc0b978c6043,Kajal Vinson
cb8827cc-0f58-48dd-9236-8ceb8679c64b,Jolie Sierra
2328397f-2ece-4384-b038-b9589968d850,Raife Acosta
e7b23b42-194f-4423-a244-9cfc59bed44d,Shamas Knapp
46f13eda-da1b-4176-a9ab-df46f2eb7c9e,Zachery Velazquez
11fb99e2-32a6-454c-8672-032ab2aca5ae,Freddy Zavala
28defaa8-2fb7-4774-af8c-8a11cd739700,Wilson Miller
2fe8a724-776d-441d-a32d-6c05603d101e,Sylvie Connolly
cd495f35-e2c8-459e-b95d-5811a196e225,Laiba Mcdonnell
f92c22d8-392e-490e-8e37-184ee615dc21,Charlton Andrews